{
  "GET cars" : {
    "transaction" : "GET cars",
    "sampleCount" : 10,
    "errorCount" : 0,
    "errorPct" : 0.0,
    "meanResTime" : 76.10000000000001,
    "medianResTime" : 72.0,
    "minResTime" : 68.0,
    "maxResTime" : 99.0,
    "pct1ResTime" : 97.4,
    "pct2ResTime" : 99.0,
    "pct3ResTime" : 99.0,
    "throughput" : 0.429978071118373,
    "receivedKBytesPerSec" : 1.314624360407619,
    "sentKBytesPerSec" : 0.14721710130283355
  },
  "POST Sign In JSON" : {
    "transaction" : "POST Sign In JSON",
    "sampleCount" : 64,
    "errorCount" : 18,
    "errorPct" : 28.125,
    "meanResTime" : 1273.609375,
    "medianResTime" : 1302.5,
    "minResTime" : 270.0,
    "maxResTime" : 2273.0,
    "pct1ResTime" : 2218.0,
    "pct2ResTime" : 2256.0,
    "pct3ResTime" : 2273.0,
    "throughput" : 1.7429668563958713,
    "receivedKBytesPerSec" : 1.0950457358588197,
    "sentKBytesPerSec" : 0.7483991598355075
  },
  "Total" : {
    "transaction" : "Total",
    "sampleCount" : 198,
    "errorCount" : 18,
    "errorPct" : 9.090909,
    "meanResTime" : 583.3484848484846,
    "medianResTime" : 103.5,
    "minResTime" : 63.0,
    "maxResTime" : 2273.0,
    "pct1ResTime" : 1817.0999999999995,
    "pct2ResTime" : 2204.15,
    "pct3ResTime" : 2266.0699999999997,
    "throughput" : 5.392303711974726,
    "receivedKBytesPerSec" : 3.3683813216590863,
    "sentKBytesPerSec" : 2.148894943694
  },
  "Remove Car" : {
    "transaction" : "Remove Car",
    "sampleCount" : 59,
    "errorCount" : 0,
    "errorPct" : 0.0,
    "meanResTime" : 177.35593220338987,
    "medianResTime" : 73.0,
    "minResTime" : 63.0,
    "maxResTime" : 1958.0,
    "pct1ResTime" : 92.0,
    "pct2ResTime" : 1472.0,
    "pct3ResTime" : 1958.0,
    "throughput" : 1.820762868781632,
    "receivedKBytesPerSec" : 0.5956597275799284,
    "sentKBytesPerSec" : 0.6546078898438463
  },
  "Log Out" : {
    "transaction" : "Log Out",
    "sampleCount" : 5,
    "errorCount" : 0,
    "errorPct" : 0.0,
    "meanResTime" : 87.0,
    "medianResTime" : 85.0,
    "minResTime" : 81.0,
    "maxResTime" : 95.0,
    "pct1ResTime" : 95.0,
    "pct2ResTime" : 95.0,
    "pct3ResTime" : 95.0,
    "throughput" : 0.24139429343890312,
    "receivedKBytesPerSec" : 0.11716109749915511,
    "sentKBytesPerSec" : 0.08213063655675179
  },
  "Add car" : {
    "transaction" : "Add car",
    "sampleCount" : 60,
    "errorCount" : 0,
    "errorPct" : 0.0,
    "meanResTime" : 372.20000000000005,
    "medianResTime" : 108.0,
    "minResTime" : 68.0,
    "maxResTime" : 2012.0,
    "pct1ResTime" : 1027.7,
    "pct2ResTime" : 1058.3999999999999,
    "pct3ResTime" : 2012.0,
    "throughput" : 1.7292062943109112,
    "receivedKBytesPerSec" : 0.8983767075912156,
    "sentKBytesPerSec" : 0.7230356396622284
  }
}